"id","growth_2_6"
7242,5.97748094704774
7243,2.43243823231825
7244,5.0157034518525
7245,6.57428783016694
7246,4.47732650311525
7247,3.05362597641901
7248,4.82719015441632
7249,5.68065773436132
7250,1.31042081477864
7251,1.62251460976989
7252,2.56647907611397
7253,6.93694007308783
7254,5.49259607426783
7255,3.35604969566924
7256,2.41802517296704
7257,1.1675173551053
7258,1.5599422227815
7259,3.42679431701593
7260,6.00614481716251
7261,3.79625064070221
7262,1.43972283434937
7263,4.56317123804531
7264,3.5593583795834
7265,3.00347776604062
7266,2.63568238940755
7267,5.3409632335786
7268,5.12722897840067
7269,2.79685521905949
7270,5.19357524342358
7271,1.44606722643362
7272,6.8952074345874
7273,4.09832739333467
7274,5.71932948815481
7275,5.92433240071878
7276,3.67312739649491
7277,0.892274404524333
7278,3.4514505826092
7279,1.562419349674
7280,2.36513818276583
7281,6.10221205134876
7282,1.26447596455226
7283,3.11302826251512
7284,3.6949871448252
7285,2.06814642114459
7286,2.51598333105737
7287,6.65491593646111
7288,6.84990457128195
7289,5.03743261897621
7290,5.99079670352287
7291,3.05295960820122
7292,1.65980099973828
7293,5.55149717261305
7294,4.62533288261843
7295,4.05150929261662
7296,1.97644798039787
7297,0.854001350211437
7298,1.32234933445054
7299,3.0447437251876
7300,3.55019638903417
7301,1.83014386425509
7302,2.30939282423871
7303,1.95304817108471
7304,6.83345628123721
7305,3.97609461094875
7306,2.24047711784892
7307,6.58189085954228
7308,7.10160694815481
7309,7.28775631526202
7310,0.826663021522599
7311,3.6599571531831
7312,5.95714304131557
7313,2.33588625800867
7314,3.51710695045687
7315,3.94301230427535
7316,2.98952350430368
7317,1.7543327668409
7318,2.97482605338218
7319,3.44338376067914
7320,0.768492380430099
7321,2.88550543435853
7322,3.1711678673464
7323,1.64385090736423
7324,1.39039164043311
7325,5.60514026992432
7326,6.8354096196515
7327,4.29265122917087
7328,0.920734398606668
7329,2.08253279119964
7330,1.5542524976476
7331,6.28890029892331
7332,5.76209124889015
7333,2.533050348196
7334,2.90165451715043
7335,5.63011108872559
7336,5.64098298039209
7337,1.78568729797281
7338,4.62341996163175
7339,1.05229631867944
7340,7.13960334897626
7341,6.3786894060388
7342,5.81249935378686
7343,3.84354129142538
7344,4.67253889729048
7345,5.83823413785375
7346,4.91648041884824
7347,7.28501775527504
7348,6.24054515207954
7349,2.87623950318188
7350,3.71387225289444
7351,3.40532672000703
7352,2.88729584942714
7353,7.12059002830074
7354,6.9259605135718
7355,2.65090150271807
7356,4.75866392315376
7357,6.30336951653161
7358,5.94528375636263
7359,1.01552036395953
7360,4.14056052130059
7361,1.06434305313316
7362,2.60478224769761
7363,6.93331556799532
7364,4.64051057261496
7365,6.13803412845386
7366,5.26675091251776
7367,6.7141762421431
7368,6.40624022565624
7369,1.56505157450462
7370,2.29502818754317
7371,3.16020440505159
7372,5.01790860452728
7373,4.83269397332347
7374,3.72184625691905
7375,4.25783509468082
7376,1.90100456497595
7377,3.42672504007767
7378,6.12670322532228
7379,1.80221559163027
7380,2.35785429442833
7381,1.19464995666635
7382,1.45351421562792
7383,6.9549073952298
7384,6.39732501706521
7385,1.02934298915297
7386,4.24285928447587
7387,2.86456746537591
7388,3.17773396268142
7389,5.53229793900102
7390,3.03416222954628
7391,3.48569784462989
7392,3.54190478365441
7393,1.63595474541565
7394,1.21297292486997
7395,4.73162944128463
7396,5.35943802867005
7397,7.27954698849361
7398,4.24934235898437
7399,1.48451808002783
7400,4.12254412370067
7401,3.81150331287464
7402,3.1057173655649
7403,5.49682206420665
7404,5.19833600135191
7405,1.27655947523401
7406,2.63723231127207
7407,6.38880766557468
7408,1.95928978263127
7409,1.95460620210773
7410,1.36475977756657
7411,1.28839510201464
7412,4.48547648720819
7413,2.40521713563702
7414,2.62732468286047
7415,7.2359914624329
7416,6.82335925011214
7417,3.10116995960346
7418,5.47267183530112
7419,4.84627026325572
7420,2.6479007579405
7421,6.66011327438597
7422,0.871292423686045
7423,1.48845365275918
7424,6.14324424087259
7425,7.15432331907019
7426,1.65135094440077
7427,2.61710449409064
7428,3.81726791423427
7429,4.38557784685276
7430,3.41895247327583
7431,3.17256009602922
7432,4.6938600987221
7433,4.03766273636745
7434,4.06116573341327
7435,4.42171494809203
7436,6.53196655905455
7437,3.54628695475106
7438,2.94794887600376
7439,0.9726570435663
7440,5.98704765882085
7441,6.21824079532809
7442,5.19916793714716
7443,6.23157555279389
7444,3.32890665673146
7445,2.4662151175936
7446,3.40886197176457
7447,1.59335384125917
7448,5.71003356461101
7449,7.53737304590756
7450,4.84975375315931
7451,1.0407582474579
7452,3.21781137567284
7453,3.19322101464887
7454,4.14908397872788
7455,6.79981533540528
7456,3.16141492356792
7457,5.66838948520634
7458,1.72412927644317
7459,4.11889022572841
7460,3.17455404061522
7461,0.771133607626927
7462,5.27801273283456
7463,5.15257814213136
7464,3.16433764116113
7465,1.26587341116393
7466,5.12138765215418
7467,5.34962646015725
7468,0.865462413066166
7469,6.61239473633012
7470,6.99345175598095
7471,3.62627640965168
7472,3.84182054238277
7473,0.669096369737267
7474,3.74801440468735
7475,6.99893229896867
7476,5.31499669530544
7477,1.7802339810361
7478,2.45567984017277
7479,3.47775816318622
7480,1.28577364621957
7481,3.79125462294073
7482,4.49777798498822
7483,5.99675262322973
7484,3.87392593653858
7485,3.60009851416017
7486,5.99356288132995
7487,6.80747259686182
7488,1.35708463964795
7489,2.09053571349013
7490,3.74978317834149
7491,1.38430450707981
7492,0.916121066187
7493,3.3334293453587
7494,1.97640513610709
7495,6.76593616700212
7496,0.820331854816534
7497,4.27002325408212
7498,0.740599678728883
7499,4.29215481863131
7500,3.78503717419645
7501,1.46842892130153
7502,4.82937444737533
7503,2.77323227289358
7504,6.02711012940441
7505,3.46107890554206
7506,6.77599577116256
7507,5.81102173967078
7508,5.29515466707128
7509,4.42876097589653
7510,2.87845845944148
7511,6.25922872621627
7512,4.61399141075172
7513,7.09891284499856
7514,5.19568939854824
7515,3.41117332279189
7516,1.42710558421585
7517,2.11950825709464
7518,7.07883006471185
7519,4.70282396410315
7520,6.71049280504423
7521,4.48679973109468
7522,5.26470895997249
7523,0.817651498935132
7524,3.64439143779364
7525,6.05379154515185
7526,3.12553752373597
7527,3.51525073796392
7528,3.20977505156429
7529,3.15377941284049
7530,5.13832532802457
7531,2.71895550037305
7532,3.93750590319798
7533,2.81039903090944
7534,3.31773888669147
7535,2.72818264259827
7536,1.64970277437636
7537,3.20961116523013
7538,2.80931114047516
7539,6.45602820390536
7540,1.31991463789957
7541,6.47418916423328
7542,4.67809721607593
7543,3.33107446790837
7544,3.98552180724791
7545,7.18971983453376
7546,4.29172225343663
7547,0.8299329598049
7548,2.94921121415125
7549,4.59825376398202
7550,2.69854534293133
7551,5.53983582417144
7552,1.66529652541857
7553,1.60821689274528
7554,3.72778051741935
7555,1.73307484077867
7556,4.27756739831117
7557,2.37662464580994
7558,6.30059593891428
7559,1.55793719826577
7560,3.01215014122211
7561,1.81188688557247
7562,1.31891785343771
7563,7.34108344698724
7564,4.60984219284026
7565,3.24745262087771
7566,2.82399156237197
7567,4.16137178792147
7568,1.9819761807094
7569,3.34321639729683
7570,5.98329225590994
7571,4.77639915634247
7572,2.3197974266478
7573,4.55134452518012
7574,1.85909695358313
7575,6.95194563220723
7576,4.99783147495622
7577,4.52206419582948
7578,3.32329805178091
7579,4.24458826283111
7580,3.0355761496181
7581,2.80139188017997
7582,6.41109741737196
7583,3.54868205782182
7584,2.40632930321595
7585,2.69503655959598
7586,1.49979293609407
7587,1.08318822373113
7588,5.45670719841529
7589,3.54263192921407
7590,3.95807860809622
7591,6.74700080533882
7592,2.41163882413589
7593,0.841700123914433
7594,4.12290629417215
7595,6.99396124147478
7596,3.24993927347086
7597,3.91122948925697
7598,2.56925884101793
7599,2.72365860799671
7600,4.16839340724665
7601,1.12883833858513
7602,1.49342977497015
7603,3.47839660466622
7604,6.59283522205555
7605,3.05147657962495
7606,1.49478162238528
7607,2.25317051344643
7608,1.49909442772712
7609,5.35715696060712
7610,1.88516202852336
7611,4.9445457138053
7612,6.74745267714529
7613,2.82371404838893
7614,0.9142206989627
7615,1.51587558403153
7616,3.64193221529357
7617,6.60268273691499
7618,1.41838089341054
7619,4.98215776752221
7620,2.25943598556057
7621,6.59211364016462
7622,3.0485155838021
7623,7.14267497566404
7624,2.16754040467818
7625,5.12647478120555
7626,5.06625966980339
7627,3.25990971662683
7628,5.50677570486005
7629,5.40441842532958
7630,4.36365799637038
7631,1.33667339881681
7632,2.99268431653704
7633,6.45230880400572
7634,6.78816215713367
7635,1.98095883061245
7636,3.90936592402707
7637,4.05677954269015
7638,2.13864417863382
7639,4.3758188333639
7640,0.7395493032926
7641,3.97596820905547
7642,1.5967654376847
7643,4.0111737454146
7644,4.35401315856774
7645,6.7214548419704
7646,4.46180093651083
7647,4.3032709315059
7648,3.18013087543365
7649,6.74825757898645
7650,2.16669787833757
7651,0.729847428266499
7652,1.13682791987117
7653,5.1351198890768
7654,5.44787983291803
7655,5.87778649833236
7656,5.17875878219384
7657,6.32960284785153
7658,7.43610663110401
7659,5.17651796585157
7660,3.74667865451859
7661,1.23921721261372
7662,1.7689075873618
7663,0.860414884176767
7664,4.83710936802335
7665,3.12214686082542
7666,2.68161235106282
7667,3.78784226105606
7668,5.72143617511248
7669,3.49206087278171
7670,4.84317840676987
7671,3.11510164594953
7672,6.28150679264616
7673,6.38692945401997
7674,6.22876287863351
7675,3.83478973604425
7676,0.790824424939633
7677,1.55769960360274
7678,6.84043905814268
7679,7.18306903158494
7680,3.34902202359544
7681,2.24963968185267
7682,1.82306591728793
7683,3.22769826395178
7684,1.55113830056183
7685,1.0957847722828
7686,5.2471043665325
7687,4.22357391412934
7688,5.70618173824381
7689,1.28695395354487
7690,2.89766608233635
7691,2.45710390915223
7692,4.07061587699598
7693,2.06978168149151
7694,2.26186468714867
7695,1.25690876329573
7696,6.62937284479208
7697,1.28876591407539
7698,4.78059103464649
7699,3.14083047744912
7700,6.40714378956099
7701,3.75517801716583
7702,1.7764850249046
7703,4.10647724207556
7704,5.1233394153685
7705,2.40275625767047
7706,5.84584995372632
7707,1.44212164246053
7708,5.71276621092314
7709,6.64161623664378
7710,6.64218674164587
7711,0.9743199136172
7712,6.03848407684419
7713,2.64625404598957
7714,4.40576703020468
7715,2.67944327979133
7716,2.01434591232323
7717,5.77769887096246
7718,5.41467069861581
7719,0.938611913287287
7720,5.99120154127063
7721,5.47203799093498
7722,5.48113952798743
7723,3.1320139290264
7724,6.81359473006664
7725,0.975930401944367
7726,4.51396057222051
7727,2.15340766907712
7728,5.71458866442589
7729,5.14451213258505
7730,5.21495335033823
7731,4.26056892477976
7732,1.77581725102787
7733,6.48012984093524
7734,7.22860761627673
7735,0.760906483652093
7736,5.63209997695056
7737,6.16749167816535
7738,4.74019744219787
7739,5.84833531024573
7740,1.3312977369971
7741,4.1088137488583
7742,5.79929593624746
7743,6.14067227028576
7744,2.20480529418113
7745,3.08258730203763
7746,1.30809451564887
7747,0.828087009277132
7748,2.14320107129647
7749,0.786638827532872
7750,3.00510562289615
7751,1.42134932921768
7752,5.35527545515243
7753,4.17477293071445
7754,2.26885035358081
7755,0.800696799807994
7756,1.02262013587207
7757,5.15675069002209
7758,5.64928433477906
7759,3.74999368946481
7760,1.18588077205244
7761,2.64386079663892
7762,0.817796426288634
7763,2.08938111513313
7764,3.18438030892452
7765,1.93296454199998
7766,4.66038377394257
7767,5.1439158615934
7768,1.72996789974579
7769,6.70570894116554
7770,6.71464317654651
7771,3.30671428492
7772,3.72484429901229
7773,5.75564005422159
7774,2.3322678370204
7775,5.29360753341113
7776,4.05399689888036
7777,3.86246821467874
7778,6.53699084909932
7779,5.39269059729362
7780,1.3253359913205
7781,2.91922710825512
7782,5.98012169100002
7783,3.03692607167
7784,7.02913993412794
7785,1.12783724994054
7786,1.86078297265417
7787,3.39923761788355
7788,1.35341068594248
7789,5.60583661340111
7790,3.06752215541243
7791,4.42119038844594
7792,5.5185267363382
7793,3.21825680095057
7794,4.93925829275614
7795,6.12737421004357
7796,2.94307370707692
7797,4.58479755840118
7798,3.83170498127432
7799,3.08322359536629
7800,3.20222190145903
7801,3.68933190500562
7802,4.74880961309071
7803,4.38487589789626
7804,5.4027509777824
7805,2.78728365018266
7806,3.40771667409483
7807,6.50319857228491
7808,2.07452856609741
7809,5.19149053948631
7810,2.57923103111529
7811,6.85843945934371
7812,4.9653907249509
7813,0.865122790667399
7814,3.12849350236546
7815,4.6149761188706
7816,2.65185023705227
7817,2.73771501334891
7818,2.78582780144536
7819,5.52875538085931
7820,3.1776774909798
7821,0.744997121029067
7822,1.48050642492399
7823,6.1118536684944
7824,2.96588872100567
7825,0.962177879682477
7826,6.10617473005035
7827,4.26127226653203
7828,2.98017649961278
7829,5.69071991340127
7830,5.10990358599846
7831,6.19679874939614
7832,2.32172366514421
7833,3.8428197164142
7834,7.49944513881088
7835,5.02152021647347
7836,2.22671722751343
7837,4.82262614325893
7838,3.52439655613685
7839,1.2668476078014
7840,2.01179209389901
7841,5.53698862465281
7842,5.84554620466056
7843,1.84846206087655
7844,7.39363048628794
7845,3.65425997760376
7846,6.69068544798934
7847,0.975071673289634
7848,7.19359368047671
7849,4.42426491063499
7850,3.80604255438299
7851,3.30516327942078
7852,3.01985107505206
7853,1.43079872026836
7854,7.46364115791842
7855,2.84167752528426
7856,6.2535118335594
7857,1.34082678937862
7858,5.08637314832586
7859,4.48112941725544
7860,4.71556013649509
7861,7.08655712675692
7862,4.12188698166337
7863,3.38984476692437
7864,5.68711635083948
7865,4.14656020110738
7866,4.65363172481879
7867,1.78762219268227
7868,1.8753493642818
7869,3.45897398786694
7870,3.86193463956897
7871,5.5144746370774
7872,5.03554073090516
7873,0.742721460510733
7874,4.83437300798804
7875,0.985769391772713
7876,2.54883139405903
7877,7.07133612398088
7878,1.88200125323107
7879,0.7353511215572
7880,4.24935855356051
7881,6.66368338924979
7882,2.80108598990425
7883,6.56010913516934
7884,4.18343132770126
7885,4.36788055571962
7886,1.0589398035979
7887,4.05271088784994
7888,1.62456720654808
7889,2.36603153205283
7890,5.45835666020203
7891,5.56460303160015
7892,6.38063391971809
7893,0.807600444018633
7894,0.99523868172036
7895,4.93017962903419
7896,6.7421179378194
7897,3.39025991572928
7898,7.5713920980722
7899,4.5086103048663
7900,3.03147018931271
7901,2.78377202653193
7902,6.87156037141941
7903,0.856434157178933
7904,2.00627663368537
7905,3.79474609351482
7906,6.09353091688877
7907,0.827733205713801
7908,2.22971393233498
7909,0.926731851424399
7910,3.1064960863769
7911,4.93689125179416
7912,2.16476291209492
7913,2.84949315703973
7914,5.02036308514665
7915,6.82278262700085
7916,5.84039230228163
7917,1.69029171420297
7918,1.69129142175083
7919,5.0554817224948
7920,2.08762141221273
7921,5.99480070999795
7922,6.34417780133667
7923,4.74171194832779
7924,1.32321514292437
7925,1.51391450784215
7926,6.25680212280492
7927,2.84585835385777
7928,2.35664014769172
7929,6.61268676551573
7930,0.839378984415272
7931,0.898126668477612
7932,2.26527452410397
7933,3.99646040658968
7934,6.19657337101743
7935,3.33433703854516
7936,6.3821014902206
7937,2.19688980164993
7938,0.962026698704277
7939,0.844515159983034
7940,2.64064190130813
7941,4.00650147544549
7942,3.5618720723799
7943,5.08971198709105
7944,3.38252348590962
7945,5.7742578989845
7946,1.2801496584924
7947,4.58938453516869
7948,1.67693258466793
7949,6.97393448909852
7950,3.69251054700891
7951,3.16591506511151
7952,3.08411447923228
7953,1.24147264058604
7954,5.74364506070255
7955,5.23326531068156
7956,3.71760572550577
7957,3.00261093211253
7958,1.11238446593883
7959,7.03245427515921
7960,6.21287118965847
7961,5.82160603552033
7962,6.42122435912578
7963,2.30277934904165
7964,4.11246828199431
7965,1.52588027968613
7966,6.23526504804031
7967,4.03311996300191
7968,3.926804663902
7969,6.09565308735779
7970,4.35795628962594
7971,3.36317046236919
7972,1.56599558767177
7973,6.88918833887707
7974,3.74117119233231
7975,2.73977955017793
7976,1.94487779539113
7977,5.90298242655029
7978,4.47087192140191
7979,3.22443666404383
7980,1.42752575825876
7981,6.44530052973735
7982,3.5033357084324
7983,2.99516861826095
7984,1.23595978383948
7985,3.83262873051012
7986,4.77467545160092
7987,7.1234463170146
7988,4.86269833425735
7989,5.41200900744832
7990,4.26255995152466
7991,6.932741354311
7992,4.01329289015913
7993,3.37170911274316
7994,4.94003205371241
7995,6.49999986769291
7996,6.89106113886125
7997,1.73907022565203
7998,1.55565828270827
7999,1.43052417359198
8000,1.95187939398472
8001,1.4590596030779
8002,2.73212912696946
8003,6.50605398819827
8004,4.30775219741337
8005,5.17829382956303
8006,1.28072156817745
8007,6.09435600018283
8008,3.42704478387047
8009,1.23533458084389
8010,2.35046753786857
8011,5.01999380147778
8012,6.25714747701081
8013,1.60874246868214
8014,6.01038692312505
8015,0.777804614505866
8016,5.91363619803273
8017,4.44272989702504
8018,3.26870430428345
8019,3.25664451791089
8020,4.3257583882253
8021,5.80563388707164
8022,6.20861757257394
8023,2.10928582095584
8024,2.86980954874381
8025,0.935857141508199
8026,6.73225936867975
8027,4.10921010275467
8028,3.79284576185666
8029,4.0742416811234
8030,4.4846590497574
8031,7.02594966902777
8032,4.24647190652164
8033,6.80030162946167
8034,3.53576740855083
8035,6.85868338096085
8036,5.76806018731446
8037,1.42869418831729
8038,6.8194401492212
8039,3.42556868973356
8040,4.32904151196321
8041,0.907605949562734
8042,4.1302443834585
8043,6.58887319173445
8044,6.54378513094789
8045,3.99912425631647
8046,6.01998701680339
8047,4.82313524922032
8048,5.9377980779492
8049,5.34034416573152
8050,5.34676085521347
8051,3.91623889483946
8052,2.54289420710197
8053,1.91737851287255
8054,7.17653777220057
8055,7.04969055677464
8056,3.29981736549591
8057,1.63163780701595
8058,3.08717886503879
8059,6.65632414503021
8060,4.34156027639869
8061,7.4050788108113
8062,0.999962881531043
8063,6.71470425279475
8064,1.2665486352548
8065,2.20539524208418
8066,3.2076927489191
8067,4.69408344577251
8068,5.44493090134206
8069,6.04234819769747
8070,2.63257208047209
8071,2.80698710697577
8072,5.15901613862656
8073,6.09850430941617
8074,2.20716451327923
8075,7.22473961398071
8076,5.54755469116783
8077,1.46830502561756
8078,6.37178382411695
8079,1.50488804227781
8080,6.6298709868912
8081,1.0701560523029
8082,0.945312674540834
8083,3.95303748202631
8084,3.44062073242997
8085,1.1501107755935
8086,5.33772339957097
8087,3.24564612763569
8088,0.710604656758133
8089,4.26804891530923
8090,6.33575007723991
8091,3.34051558161968
8092,6.97548540981687
8093,7.3073641504694
8094,1.41682690810019
8095,3.41620172219947
8096,6.37624426320153
8097,1.84093959461666
8098,5.10391293440352
8099,6.28799778916342
8100,0.785790032782433
8101,1.6736180586013
8102,0.710896906000878
8103,0.595732114000499
8104,3.40110976063595
8105,5.13952362601023
8106,0.931755508810035
8107,5.195773156116
8108,2.14685206869103
8109,6.15911116182697
8110,2.92530583471807
8111,1.89418545714191
8112,2.74073400708241
8113,1.5190657471794
8114,0.979217151986439
8115,5.07478243434273
8116,6.83781598057781
8117,5.97087569871069
8118,1.39922778840867
8119,4.99349596442193
8120,4.41580604753637
8121,6.11879112505452
8122,7.27766563621767
8123,4.69558665555179
8124,2.43622949299615
8125,3.25272645232114
8126,1.62936069557379
8127,4.73564510388272
8128,5.46771327710344
8129,3.12751161237502
8130,4.7106894867063
8131,2.63518409719453
8132,3.20656818384302
8133,0.878701093708645
8134,1.0290585146476
8135,3.93939010973406
8136,0.877312721468734
8137,4.82442363548788
8138,3.66338884869566
8139,4.5385516729437
8140,4.4267818712191
8141,2.14009687323247
8142,7.18687184372263
8143,3.62431841588247
8144,3.28759226771426
8145,3.666411434111
8146,6.1778854859729
8147,4.90444276745057
8148,6.56100512232353
8149,3.56640939559628
8150,6.33942706627784
8151,4.36282719075854
8152,3.70005414803676
8153,3.43492142990294
8154,1.50575599278543
8155,4.8699181494306
8156,4.45834609371412
8157,1.68282448801113
8158,5.78835412317734
8159,3.7161141500796
8160,6.4977718688405
8161,4.77522120451713
8162,6.6358757089463
8163,0.950375643155438
8164,1.9398546517549
8165,1.0702910193983
8166,5.40681000107259
8167,0.821692683531501
8168,5.21483787654715
8169,1.02307201561966
8170,4.18877600833415
8171,1.3427457796186
8172,7.26575602477071
8173,5.10748840308415
8174,6.48351540213205
8175,1.10833906382401
8176,1.94522222612477
8177,7.17057860404157
8178,3.20938111190349
8179,4.79969279132848
8180,6.96312377706572
8181,3.24878359385406
8182,1.8184426913133
8183,6.80587019885562
8184,4.48553835184731
8185,4.20052247733126
8186,5.85146972103649
8187,7.12382774217646
8188,3.53669056715205
8189,7.07529414610801
8190,6.44372801451362
8191,6.863259038458
8192,3.24690053290047
8193,0.990955397585467
8194,3.64951209299887
8195,3.44424903252125
8196,5.42430620500998
8197,5.96055852922598
8198,3.48614201861466
8199,4.94806255821772
8200,1.1306035541189
8201,1.53221204330545
8202,5.11585986495464
8203,7.33397098457375
8204,4.42994359051871
8205,4.4807496373443
8206,1.73580244789116
8207,2.75210504433112
8208,1.68460366455247
8209,3.8976909125336
8210,4.61774223758419
8211,4.54380843518941
8212,4.79230048766842
8213,2.51450796099587
8214,6.73367942415391
8215,2.68244522142284
8216,0.981434172470401
8217,4.35987343113759
8218,2.89964599407363
8219,5.85470152503784
8220,6.94998371677264
8221,1.63115192297203
8222,2.0958300064432
8223,2.87016190137393
8224,0.997854466006066
8225,3.77024633940724
8226,4.15404343540181
8227,2.49746720866472
8228,1.63264595001742
8229,3.96142766620054
8230,3.97408167313867
8231,1.6792628541096
8232,6.09126180389505
8233,2.34690024488916
8234,4.97425796883902
8235,0.522911737472367
8236,5.89853528963904
8237,6.96946423223562
8238,7.11470606200009
8239,1.26976924723318
8240,1.1145118986858
8241,0.858414013160592
8242,6.78876658462791
8243,6.19413501938629
8244,4.62658044085415
8245,1.62209672086427
8246,3.54531731659428
8247,3.58858558247843
8248,0.939101512830833
8249,3.28883061998561
8250,5.82270704009467
8251,4.96636912556513
8252,6.0224911857443
8253,5.6148825040786
8254,1.46936463907043
8255,3.01600636175176
8256,4.79155296926839
8257,5.4981861997219
8258,4.69675142132601
8259,1.07949340742437
8260,4.14838446335722
8261,6.79906175274145
8262,4.19737364963857
8263,4.34083270150596
8264,6.75850978983332
8265,4.83156670776505
8266,3.91154507285
8267,5.02260303116803
8268,2.63666486645707
8269,0.913053536481001
8270,5.11267400516311
8271,6.74899357156708
8272,3.84791086923358
8273,7.07316732715261
8274,7.03863953701741
8275,5.42392704840459
8276,1.94542465206046
8277,6.93870668713877
8278,1.18888828057543
8279,5.21128303699483
8280,6.29285336032411
8281,2.10430181816383
8282,4.40676805112424
8283,5.03935412956091
8284,4.95175110448911
8285,0.965703812657077
8286,1.0288205094862
8287,6.58891511536695
8288,3.85957762989856
8289,3.77370571483847
8290,3.5826994976736
8291,3.30630132337807
8292,4.85338930630137
8293,5.55553404165427
8294,5.23084747501025
8295,4.47444014916561
8296,4.28520158544057
8297,5.60771844060586
8298,6.29579931140993
8299,2.431539210622
8300,3.16904292266631
8301,2.54315081796775
8302,5.00727450698047
8303,4.03529358967519
8304,1.90696206453306
8305,3.03407569704495
8306,4.43460057429677
8307,0.861078818484196
8308,3.71728572460467
8309,6.26621662429901
8310,5.92355231469145
8311,6.8914683464117
8312,6.18665792493753
8313,4.75366049276588
8314,3.28869693834517
8315,5.80489477279239
8316,6.84229692570914
8317,2.97851875210112
8318,4.72174625489054
8319,7.0678077594702
8320,3.3606336213671
8321,4.96656240890741
8322,4.90767753301692
8323,4.19260332750925
8324,4.13634383073926
8325,4.63291836841831
8326,1.50352824417822
8327,6.13328644685521
8328,5.49948924182918
8329,1.72022298511301
8330,3.61606810413059
8331,2.35588041613859
8332,2.8694012349136
8333,3.64109732144729
8334,6.71329240327251
8335,0.885101064134284
8336,0.846091598249468
8337,1.99302112798615
8338,4.0858791358328
8339,6.30065054103376
8340,5.81093500622953
8341,1.2801130961086
8342,3.15110950774195
8343,7.42137129670499
8344,2.30533394614114
8345,5.53508511204374
8346,3.60373487261758
8347,5.95325997717586
8348,5.44199371106128
8349,5.98023354742681
8350,5.2641055357984
8351,7.11656175828565
8352,5.47043720215768
8353,1.37064077564527
8354,3.43788362660995
8355,0.805346461530233
8356,5.6162871949024
8357,0.958697742692943
8358,1.71854461343548
8359,6.24361030911461
8360,6.44386962329476
8361,3.19379691428075
8362,4.82409722134338
8363,7.28213788648136
8364,1.46864698941447
8365,1.03898378745792
8366,3.81701090779095
8367,4.67357010660376
8368,4.38124508429585
8369,5.17793130146242
8370,4.51831788179815
8371,0.9008059915245
8372,6.44920375701236
8373,1.50184818867697
8374,1.82818015806019
8375,0.906276831157466
8376,4.53982060818843
8377,6.80652136489961
8378,5.53522109363394
8379,0.945962745330416
8380,4.81066880016921
8381,1.5100114683386
8382,1.40828140563959
8383,3.8531154261162
8384,5.31881296932811
8385,2.92319285105609
8386,6.43381254353445
8387,4.15372011591705
8388,3.53154759067497
8389,5.26882623871295
8390,2.85749325362577
8391,5.17482758947723
8392,1.11219001829454
8393,0.820281326122394
8394,5.84993696111577
8395,1.32139372392129
8396,4.99466127159873
8397,1.71198831893687
8398,1.74948607599657
8399,5.05286091030858
8400,2.03207211488627
8401,5.50716658827719
8402,7.12517411514264
8403,1.46150090592761
8404,5.59516812766779
8405,2.79868636806673
8406,5.64828545698667
8407,3.05191623555547
8408,1.30668203737832
8409,6.27760370510081
8410,4.17475581037887
8411,4.66410576971521
8412,1.47876882368048
8413,0.502742144178433
8414,2.02355517047
8415,3.2398790250102
8416,3.02827567765353
8417,6.84224010718412
8418,4.12848671695621
8419,1.49011218540882
8420,6.74310337092391
8421,5.56264006099446
8422,1.4605567012253
8423,6.29645061802982
8424,5.39358535835549
8425,3.73972623403095
8426,4.21664258844198
8427,4.13260279078935
8428,3.34371066132141
8429,5.81967957946929
8430,5.10680330712938
8431,5.63512943973631
8432,2.05880486372661
8433,5.47589864489713
8434,5.88582004427529
8435,3.31332222664826
8436,6.25995147507851
8437,1.65838307083347
8438,5.53194452691572
8439,6.57729424726156
8440,7.02290180606539
8441,4.99808987390449
8442,7.01289879330547
8443,1.09444347722751
8444,3.2200340998824
8445,1.28432379414433
8446,2.41508250126379
8447,1.30140048232188
8448,0.8499219137515
8449,2.75309265650156
8450,6.21474197731283
8451,6.89284344120948
8452,0.786914339552833
8453,1.86158378347194
8454,7.35306939303108
8455,4.046906903867
8456,3.31361632329906
8457,6.28352608909429
8458,6.82162839888287
8459,5.53840841640037
8460,1.47380100814599
8461,2.08573449075683
8462,1.71114395903677
8463,5.10800737504309
8464,3.10713009954555
8465,0.861710890269978
8466,1.05086970069497
8467,6.14657949264291
8468,2.26549845311441
8469,5.77786200070178
8470,6.6415018625674
8471,0.804460985225533
8472,7.04918313188477
8473,3.33418430749015
8474,5.78772574033925
8475,1.90300170070899
8476,3.27323641751716
8477,6.67902725134399
8478,4.23133905229557
8479,6.73407182272036
8480,1.36938868972753
8481,1.69419739240841
8482,2.2800991146425
8483,4.10009447928604
8484,7.10044611968306
8485,5.26699137183471
8486,6.21629721254428
8487,3.00756959469296
8488,2.76781788099676
8489,1.86997154796657
8490,6.59383231838824
8491,2.44961460242425
8492,7.24492221505676
8493,4.69494770662147
8494,6.2070731571735
8495,3.19592071783331
8496,3.92307230272196
8497,7.44553960298723
8498,6.61908962280707
8499,1.66362444915303
8500,7.07870132667641
8501,2.30916288096766
8502,4.42711065820383
8503,5.14516152760747
8504,6.20249217409643
8505,1.36552849280961
8506,6.85309488430273
8507,1.95845454386663
8508,4.95812450390613
8509,5.26048772883512
8510,1.1747961165628
8511,4.70193766122198
8512,3.02246171068949
8513,6.53232654541473
8514,5.64192932950362
8515,6.79622059044607
8516,3.93498312540905
8517,4.40068958351963
8518,2.61402106518512
8519,0.986909915825278
8520,1.64428702937446
8521,6.26540672319111
8522,4.33580899182676
8523,3.94101163731601
8524,2.68908901962642
8525,3.86371475290911
8526,6.3278013838746
8527,1.89659721688839
8528,0.976601178637568
8529,6.96065731776904
8530,2.56941862232323
8531,2.45275717916642
8532,5.09158111073017
8533,2.64864774345763
8534,5.69979660482796
8535,4.25435967423271
8536,5.38158752708943
8537,5.44312303409761
8538,3.3915900397764
8539,4.15808958520543
8540,6.38919085927996
8541,1.82671005714059
8542,3.69847920293495
8543,5.05148390502834
8544,3.0701492296268
8545,6.50445980325931
8546,4.48228176675199
8547,5.64843086376472
8548,5.51646044012351
8549,3.33781934496921
8550,1.62138032565514
8551,6.4664287626127
8552,6.96002765882483
8553,4.74848592268318
8554,0.994611689637258
8555,4.42941757233862
8556,4.4554020894068
8557,2.86202332324097
8558,1.29313726453727
8559,0.925511199866334
8560,1.28257637916557
8561,6.11895310923568
8562,6.28747046365126
8563,1.0911623529266
8564,5.76846194071878
8565,1.0073030405614
8566,6.16295085785956
8567,5.80707197025548
8568,2.19596162841553
8569,2.79306470787415
8570,6.88336064817215
8571,5.45223693474747
8572,4.40055407428386
8573,6.47638614635064
8574,0.985757558719354
8575,6.11536529832034
8576,6.94462060269111
8577,6.53361741286163
8578,1.4384211845653
8579,1.54457409249433
8580,3.48950970653041
8581,3.88160120792138
8582,2.46803937092748
8583,3.08223777194782
8584,3.02392116702943
8585,5.16894114270426
8586,1.69343727875512
8587,2.92653553200611
8588,2.80425709389078
8589,2.78268891939243
8590,3.70201464474545
8591,1.6430623455985
8592,1.02279347208817
8593,2.98530140983523
8594,6.43711620907352
8595,2.1643461586803
8596,3.48242692012145
8597,7.1129732984246
8598,1.19453800706268
8599,1.61677630171567
8600,3.63377015425846
8601,6.80653853443045
8602,3.28740119543193
8603,4.52351283878939
8604,4.40881068138274
8605,3.41102822209645
8606,5.70833600257098
8607,5.60602614426535
8608,2.80377674165276
8609,5.24931172769509
8610,5.75062036598794
8611,1.38385964952113
8612,0.951207540558767
8613,5.98390335244325
8614,3.37269566085865
8615,3.18275697624748
8616,6.43464806746456
8617,1.71172696543752
8618,6.45299076098108
8619,6.74987178253857
8620,3.92874481132895
8621,3.47803164699634
8622,3.86767481153029
8623,5.05355957508603
8624,3.90846403733734
8625,3.97085312071727
8626,5.3270248156762
8627,4.86880252363225
8628,4.27671399597884
8629,2.67823927038254
8630,4.84489152850081
8631,2.92318902877218
8632,2.89842797102146
8633,1.04548941625141
8634,1.85943675078963
8635,3.94304813519256
8636,6.5066567110429
8637,5.79944236884117
8638,0.959238150026347
8639,4.93883085928288
8640,5.93628056113573
8641,1.48687457847638
8642,4.39200870309395
8643,3.90584165605889
8644,3.34628027990209
8645,5.12717013122636
8646,5.73019236124237
8647,6.77471626792702
8648,4.71696376188411
8649,5.53856890338091
8650,6.99947199317048
8651,6.72057566248486
8652,1.98000337759937
8653,6.7274000552463
8654,3.99804818283427
8655,3.9578128927524
8656,6.68118200677155
8657,2.45259029636314
8658,6.79496690163947
8659,3.13541666340364
8660,4.74112711859935
8661,5.5080854205123
8662,2.25111694189506
8663,1.11262895430775
8664,4.3300740185767
8665,6.4214582180054
8666,3.48150293367715
8667,1.66061773920494
8668,2.24747342016023
8669,3.42785482640787
8670,5.8987527534733
8671,4.87716166243974
8672,3.7325586337479
8673,0.793102600312067
8674,6.57504227167226
8675,1.81294365792717
8676,2.27508760291592
8677,3.40614933471014
8678,4.03622878741671
8679,3.8326280636912
8680,2.57268539695037
8681,5.62253736691196
8682,3.04639170584344
8683,3.80673982950708
8684,1.4383815575783
8685,6.54471006948483
8686,6.67894871167065
8687,6.0184829954607
8688,6.25390998184026
8689,3.33702518600791
8690,0.862368503247445
8691,5.49429726937248
8692,2.28374907428543
8693,5.91806123980506
8694,0.699106512745233
8695,2.90040435783557
8696,3.52161896389795
8697,2.92631151453631
8698,4.08900261714645
8699,6.15093149905141
8700,3.47588341074791
8701,1.21868517407313
8702,2.1073806641599
8703,4.07580806364646
8704,3.13096829389786
8705,1.57693039086473
8706,5.63233961734377
8707,1.95372170935875
8708,5.64323882925716
8709,2.93564706352092
8710,4.36368473612613
8711,3.19214864948756
8712,3.86126734246797
8713,6.59855837856614
8714,6.66788293763951
8715,1.83639589965833
8716,4.01698936483096
8717,3.32893565688616
8718,1.75336405280341
8719,0.852143001704521
8720,4.12667868922448
8721,2.01119847819952
8722,1.90084865969694
8723,2.85862542458637
8724,6.30120774486478
8725,2.09333229415394
8726,5.1798733148166
8727,4.36393421419584
8728,1.4859401733964
8729,1.85947877452617
8730,3.45482769081248
8731,2.10026604490536
8732,3.75460891442713
8733,4.10823792247676
8734,0.913699800064411
8735,4.32898603538717
8736,0.987540729200488
8737,4.28827352655701
8738,6.09791235569622
8739,1.29051804174833
8740,1.40672828942043
8741,5.61328292599587
8742,2.24318186895556
8743,2.00706869765113
8744,1.6807884281548
8745,7.11566390342011
8746,4.69651434416323
8747,4.59005044564766
8748,3.29726608740615
8749,3.53256628693512
8750,6.26880371157716
8751,1.8958607619912
8752,6.7924140130001
8753,0.965532486789272
8754,4.16582106870384
8755,5.68543976710303
8756,1.74046582621219
8757,4.07631021385595
8758,0.684428169942767
8759,3.48252198903114
8760,3.32149614369731
8761,1.32020569790674
8762,2.81935338898409
8763,3.86874723685033
8764,3.63367787611556
8765,1.5092669548597
8766,3.0768776038528
8767,4.46345105648848
8768,0.913475216536134
8769,3.32286342529226
8770,3.02697379757578
8771,1.19617334397013
8772,2.74120963626318
8773,3.49876344213182
8774,1.6070227115474
8775,1.54856576016247
8776,5.56512222609641
8777,4.76988379778424
8778,4.35535198378991
8779,0.836498038447655
8780,0.774916965689533
8781,2.96670155856018
8782,5.96894253447405
8783,2.83798937661968
8784,6.06181672060483
8785,3.29189014541896
8786,2.17604091108073
8787,4.60432762437487
8788,3.62804973941308
8789,6.66476058354991
8790,4.49373680648765
8791,0.898103767867699
8792,1.53768964100535
8793,1.43713249889018
8794,2.97833841163413
8795,2.83046819269668
8796,1.7955076591661
8797,7.15558737259217
8798,7.16772746365088
8799,2.45048934940402
8800,6.94219888743156
8801,6.6223442744646
8802,1.64479519470279
8803,4.84256432039099
8804,2.2554441431738
8805,1.49300592069576
8806,3.73281650505787
8807,0.9549707782371
8808,4.97459938156695
8809,4.7154659672964
8810,6.24134635171269
8811,1.8829857977021
8812,0.788950827614967
8813,5.34176186955502
8814,1.17760366740666
8815,4.06097506872958
8816,1.3179724347216
8817,7.07243858549791
8818,2.74651915534642
8819,5.0811877534693
8820,1.79376950243325
8821,3.48880568029294
8822,3.5779197412028
8823,6.29027460732868
8824,1.73841299678465
8825,3.39161852466842
8826,3.37636593744561
8827,1.1914363421179
8828,4.82091683147479
8829,3.71201457257211
8830,1.39853673037363
8831,0.844974647223134
8832,7.15878941937406
8833,4.76424085651921
8834,6.12464970865875
8835,4.72485774344571
8836,2.15126216812926
8837,5.86225881169185
8838,4.13231425858459
8839,0.873619205029001
8840,3.54259909389491
8841,4.55441907367471
8842,4.8680453003529
8843,6.62276581715417
8844,5.24889865265698
8845,3.00348821841507
8846,1.38431077668047
8847,4.53666216002212
8848,1.44997659865087
8849,1.60001955032225
8850,2.9777937792988
8851,3.93536477997367
8852,3.77386480913477
8853,6.517213719178
8854,3.97726576829024
8855,4.41922775710638
8856,5.75292123857832
8857,2.79208147985159
8858,2.84155692892936
8859,3.32464477811018
8860,6.56204848646301
8861,3.24230953969108
8862,1.48092840157461
8863,1.5023210823026
8864,1.58400564442887
8865,3.69149198656168
8866,3.44732368995424
8867,6.97889096756611
8868,6.98175404935161
8869,5.90500929923495
8870,4.6238157425037
8871,6.0745774477334
8872,2.3679110374605
8873,3.02395251688843
8874,7.1574034655339
8875,2.43198955438872
8876,1.69503883371194
8877,3.7714725935392
8878,6.91704517827541
8879,6.50849620635709
8880,1.07552138251044
8881,4.47313319779621
8882,4.58792891252186
8883,4.04641738650003
8884,1.45730269431173
8885,6.31830651787618
8886,5.85872207992288
8887,5.94893096927853
8888,4.91006010133194
8889,1.91075737959
8890,2.99699589678197
8891,0.8770425767348
8892,4.94339504549819
8893,5.78271857844607
8894,4.39123403918245
8895,3.92108411786309
8896,2.27824466796513
8897,2.97772749008654
8898,5.0041825847487
8899,6.41386263895021
8900,5.35369105683525
8901,0.928508132064941
8902,2.26586701500789
8903,5.85212176261198
8904,3.53029107609919
8905,3.4391669710063
8906,7.05557570653476
8907,4.02734628997201
8908,1.70862274060275
8909,0.619306231116739
8910,2.89087659317077
8911,2.90829664891923
8912,2.10987839661562
8913,6.03583949629338
8914,3.28302732392115
8915,6.61616484560078
8916,3.15883309394381
8917,7.05573808251698
8918,3.48372129753954
8919,2.4430260844033
8920,4.4970921077209
8921,6.19492681589835
8922,4.70926506095507
8923,6.6600675178422
8924,3.73134170606477
8925,0.897848136661
8926,3.2274211639324
8927,4.29561479473213
8928,4.34497780776697
8929,6.58288909632314
8930,1.48476772286304
8931,2.50688683710004
8932,4.82582211269863
8933,2.64824664136396
8934,5.53340296886071
8935,1.3295778824192
8936,3.66689640525763
8937,3.67306414929888
8938,4.1670676384643
8939,7.37905623563882
8940,5.22594906277149
8941,1.10235538799347
8942,2.17057212515509
8943,6.60296665675161
8944,3.00124168689398
8945,6.16931880929395
8946,5.09859437131564
8947,3.73036348605398
8948,2.90097502460784
8949,2.29433670438614
8950,5.06789550421199
8951,2.69956064713818
8952,2.68366283407383
8953,4.12090954539889
8954,5.98518689850272
8955,3.62289357460683
8956,3.35896908914501
8957,3.34273096095434
8958,2.65180767584888
8959,3.26825931950444
8960,1.35946014556837
8961,6.89750603289264
8962,2.63990752127287
8963,1.52509828822903
8964,6.08927001044786
8965,3.76639350440684
8966,3.92439936504443
8967,6.94461745249196
8968,3.94912118307475
8969,6.58698463344795
8970,4.10954244708041
8971,2.71948924631417
8972,0.960985973655166
8973,1.56864172592753
8974,2.91462321443984
8975,3.38640763373127
8976,3.92824324463385
8977,3.95527271894829
8978,6.56818859316645
8979,0.8212447221582
8980,6.17126167862526
8981,4.71322933005184
8982,0.970540624079833
8983,0.956597437426342
8984,0.931803549707167
8985,6.35873180784532
8986,6.06252738511751
8987,3.39552194099966
8988,0.807411713111934
8989,5.11992185522299
8990,4.83057862896077
8991,3.95670954440483
8992,5.48716465176979
8993,2.83746458053071
8994,5.47670249734459
8995,2.09893484085398
8996,4.28872823119766
8997,6.34203955742554
8998,5.0647003403594
8999,5.99314621945403
9000,2.52895891920519
9001,2.92533388845354
9002,5.47399045719631
9003,6.81073680954332
9004,2.19615603185743
9005,6.88359392525446
9006,0.820289098875841
9007,4.41137307858634
9008,6.01836330227917
9009,5.71888374813189
9010,1.70612489368579
9011,3.0392263876947
9012,3.99192179406821
9013,6.0769995103689
9014,3.83377374261276
9015,1.54931616011175
9016,1.3499787070309
9017,2.95958314948557
9018,4.62071217456956
9019,5.07475969491268
9020,2.94560435373684
9021,5.69498678955441
9022,3.11899628900151
9023,6.69964255977734
9024,4.0708813827306
9025,6.336061432694
9026,4.1725383362127
9027,6.60948828354816
9028,4.21303274864961
9029,0.829827387853833
9030,3.08270781399704
9031,5.7887084844351
9032,0.91377660631331
9033,3.29353161815682
9034,1.99876734023174
9035,4.02551506290367
9036,6.52851147322251
9037,2.77639166312284
9038,4.96121328540573
9039,0.8763790642738
9040,5.21380934710322
9041,3.5031405917619
9042,6.53782034498187
9043,1.42193256351823
9044,2.61789701193633
9045,1.24489255472833
9046,4.60273403179004
9047,3.17643821953964
9048,3.7280063383602
9049,1.43216222114716
9050,6.08652945302403
9051,4.63116006752028
9052,5.84237489706367
9053,3.50791185049709
9054,2.77832972185477
9055,1.51990766528292
9056,6.75151019385974
9057,4.07163149940219
9058,6.95222219688278
9059,6.1450298942423
9060,2.7404754799471
9061,2.25071318038753
9062,5.38845668728374
9063,6.3893125158996
9064,4.72992832762315
9065,1.83644038418147
9066,3.90883402097914
9067,2.81159264914933
9068,6.85580309696554
9069,5.87467718687563
9070,0.8534713027627
9071,2.10161999419234
9072,6.1783107722768
9073,6.55759980910674
9074,1.45180060834949
9075,3.74151630817051
9076,1.69488629636197
9077,3.29137456051706
9078,2.74199958448814
9079,6.72259456517287
9080,1.30977548638849
9081,5.1732134608752
9082,2.17592502929614
9083,1.50335667200662
9084,6.1795446183343
9085,2.15041300228926
9086,3.3160367866985
9087,6.57295340033948
9088,6.20252093446131
9089,1.60573804669575
9090,2.02920312859893
9091,2.98522963088609
9092,5.73108464291687
9093,3.15644480635846
9094,5.2398682539999
9095,2.28446418398794
9096,5.73775574215857
9097,0.943288461136161
9098,4.69377894428652
9099,7.3030198386223
9100,5.07549750386586
9101,2.33347791706724
9102,1.5145704398653
9103,3.59087619680781
9104,5.49544391202153
9105,0.7983586395754
9106,4.26412749437743
9107,4.0675348600351
9108,6.69823034424555
9109,4.00876326072992
9110,3.61901436895251
9111,1.21872932907057
9112,6.81355918863629
9113,3.63983932144475
9114,4.81483829200373
9115,4.80863421841563
9116,6.0979154222411
9117,4.78902375395068
9118,3.57979014318769
9119,6.05121913763611
9120,5.43741266618121
9121,5.67599873863237
9122,5.75174521749134
9123,2.77758911160108
9124,2.26021936915784
9125,2.92165436879096
9126,3.03038670807954
9127,1.87635689827603
9128,0.862147957239767
9129,1.53796804501924
9130,2.6837660909638
9131,3.79970776017234
9132,3.41648581141641
9133,2.71166739834044
9134,3.9075975354786
9135,1.36677194865293
9136,4.87233683713073
9137,6.54238669631148
9138,2.66743157974739
9139,3.22729172839657
9140,6.07729041164638
9141,6.81440229266548
9142,2.82169318682178
9143,4.6901456557433
9144,6.33672503054857
9145,2.94342434217377
9146,4.00509639410147
9147,4.64501659079257
9148,6.10917229118794
9149,3.07915497916853
9150,0.9450634869307
9151,5.17301813562408
9152,2.6627606581302
9153,4.42931868837699
9154,2.47720655357606
9155,1.00773553214723
9156,3.76080193470574
9157,4.97219071006965
9158,6.6916878855372
9159,4.99999334831531
9160,4.49734720635406
9161,2.90758937693482
9162,5.85318708939295
9163,3.74527262782591
9164,0.8087600484189
9165,6.51852475661307
9166,1.3587141692833
9167,0.692701581027866
9168,1.46350964461633
9169,5.99043583859962
9170,2.04835095420609
9171,1.72601587264837
9172,3.1257747852949
9173,6.73328524554163
9174,5.15919595544279
9175,1.31852154421129
9176,4.26748164645168
9177,2.22682992366191
9178,4.09333372515079
9179,1.88605748737877
9180,3.04281700465694
9181,7.15125948913154
9182,4.5786409931199
9183,5.98994161076403
9184,2.62803432469209
9185,0.803428985205804
9186,6.41071797552445
9187,5.18635896459006
9188,1.11254520440911
9189,0.891854169905034
9190,4.94837151689671
9191,4.87400790272201
9192,4.98243929276739
9193,4.60045491633719
9194,3.32446477528506
9195,5.87105755053499
9196,2.40928313969237
9197,3.13061193371461
9198,2.37396293394209
9199,4.24757124847845
9200,4.37776688400151
9201,3.16840219272386
9202,2.99710073757303
9203,3.36115487605546
9204,0.532053939889867
9205,4.51571733455479
9206,2.90715373551368
9207,0.7863423238248
9208,3.58621274965049
9209,1.40462374604321
9210,3.92323037938047
9211,6.24972579386941
9212,3.42480179803853
9213,5.60460497570205
9214,7.15560486408848
9215,4.13187324539506
9216,4.66103761735788
9217,0.805853371844133
9218,2.84073666505506
9219,3.17064508328488
9220,0.938645422861167
9221,2.46014408375164
9222,4.29086343064746
9223,6.51284899463281
9224,1.57368877623788
9225,1.2011510871913
9226,4.79882213285533
9227,4.88269456758455
9228,3.23043393591351
9229,7.01493378935115
9230,2.20186924291717
9231,4.08131461660977
9232,3.0557061874048
9233,4.15784122005808
9234,6.81890165721438
9235,3.63831921804817
9236,5.11249503309306
9237,3.36698458521246
9238,5.79784804179417
9239,1.60420165280434
9240,7.20798386314452
9241,4.0461089267326
9242,6.29909382395517
9243,5.32800615824327
9244,0.808983651735697
9245,4.45636320538536
9246,1.46523931789478
9247,3.85950931022509
9248,5.33553966345024
9249,4.03816075592216
9250,2.4281777442376
9251,4.74999485960379
9252,5.34126667191005
9253,1.59246560180096
9254,6.16217411278952
9255,3.12334445574368
9256,4.07300149938073
9257,7.21118193032631
9258,1.87615680266665
9259,5.67354576461511
9260,6.5988095286871
9261,6.98850777391981
9262,3.83765734810001
9263,2.17103494131858
9264,1.63806941381666
9265,4.79900923888954
9266,6.49851077827785
9267,1.9804364388976
9268,4.3643994747043
9269,4.25936818249149
9270,0.673899144012866
9271,2.22035766213132
9272,2.31457210609551
9273,3.56293977400438
9274,6.6442065346789
9275,5.94251058003354
9276,6.99009583635478
9277,2.76989031569385
9278,4.66087577160523
9279,4.850796716554
9280,4.6455858798058
9281,7.29552750170951
9282,7.41451095219921
9283,6.07077417085738
9284,3.0167701541752
9285,2.71985627569077
9286,3.49035464717191
9287,1.50234842026574
9288,3.61927198086325
9289,0.919255700623301
9290,4.5195706382323
9291,4.7438847817676
9292,7.10734336195322
9293,3.19334840185149
9294,7.09791046832568
9295,0.892790325806379
9296,2.14356144091618
9297,4.25606018909269
9298,3.25621986741993
9299,1.19740633451509
9300,5.48229417477801
9301,6.62825310488338
9302,1.41311583471204
9303,1.88770937734187
9304,4.12665950318438
9305,3.95803101644373
9306,3.45787943057021
9307,7.03356975636485
9308,5.94318317974751
9309,2.49491645149413
9310,3.39694914151984
9311,3.89911405276249
9312,6.46424577219705
9313,5.58174487388429
9314,6.2894183081642
9315,4.77081865587278
9316,2.68330277973512
9317,6.36793819701373
9318,2.33242250605044
9319,4.85448658203951
9320,4.66872729187828
9321,2.4662454402328
9322,0.980190471404892
9323,4.23853942997321
9324,4.19164182802154
9325,4.0600957456423
9326,7.01296930408926
9327,2.46526285704043
9328,1.7783351512035
9329,3.83485995800335
9330,4.09642448002157
9331,0.895249466868033
9332,4.41672067151937
9333,7.01683666275632
9334,4.23536042900339
9335,1.6257638976985
9336,3.70998640221907
9337,3.67790664089232
9338,6.71970885109028
9339,4.05684986206918
9340,7.16117083202905
9341,6.4361196079711
9342,3.07175461079322
9343,6.06852982130811
9344,6.88955533529128
9345,5.59698009833019
9346,1.0106925463337
9347,1.59837231916343
9348,4.38077848975213
9349,4.97493676610649
9350,5.71993685231703
9351,5.0409667635923
9352,6.92929445029488
9353,4.99756554080726
9354,6.16885251613959
9355,6.93186945579152
9356,1.72142055992044
9357,4.63516099482237
9358,5.50589761644614
9359,2.28879831247004
9360,5.62917042750109
9361,1.32710626987427
9362,5.66797145904833
9363,5.98091903315773
9364,5.23482233899943
9365,0.806364210800534
9366,2.9780448674767
9367,2.75655064419715
9368,6.87185503168429
9369,0.919623143511401
9370,7.01558623763064
9371,1.79920381016636
9372,3.95264023724052
9373,6.52194375378888
9374,6.90439836435826
9375,6.00836171728742
9376,5.04704865643963
9377,6.26396431336221
9378,0.771147462448633
9379,2.56926681475065
9380,5.69920579089541
9381,2.78158521603844
9382,6.46965135835023
9383,3.65592402153028
9384,0.942655268657206
9385,1.35074548676611
9386,3.09092542923483
9387,1.94152411302095
9388,5.66790420367231
9389,1.09708463458061
9390,6.51781089066759
9391,4.11600977237226
9392,2.5912926992029
9393,3.5175216771683
9394,4.43796049501873
9395,1.18726237406907
9396,7.66503909425041
9397,4.85964223992435
9398,4.87244382711773
9399,2.03417279896261
9400,0.829170776176799
9401,7.15073641640988
9402,2.70238466845233
9403,5.84119590241451
9404,4.11928497161478
9405,1.22505951396841
9406,6.39337237813606
9407,1.40178762195996
9408,0.967556699638271
9409,2.12421298984277
9410,5.16026506788888
9411,5.24542575227939
9412,2.56850879263925
9413,3.29964329821729
9414,1.33686614943967
9415,2.249612040321
9416,3.76247998520458
9417,6.74638825091912
9418,5.00332071482871
9419,0.7939668715637
9420,2.35718035999682
9421,1.15194523996833
9422,1.8689285517308
9423,1.41951328037636
9424,5.95502665652745
9425,6.74483376731762
9426,3.41663709749445
9427,6.82337991387078
9428,2.95262516795994
9429,1.36771874708919
9430,3.43262450234815
9431,5.25483575706351
9432,6.4777105872395
9433,6.71309187349076
9434,6.55834850585258
9435,2.62450237219716
9436,5.996396429348
9437,7.33822918589644
9438,5.87695341851191
9439,4.12675644774055
9440,3.11212252927019
9441,1.0824566158382
9442,0.932092223680234
9443,7.41404153095073
9444,3.00639883858451
9445,7.17736274062682
9446,4.84464253985486
9447,7.41364440066283
9448,4.14430296724272
9449,2.5901818971815
9450,0.764636444677957
9451,4.85819702888449
9452,4.86475147091712
9453,5.91133806032228
9454,0.968965948745166
9455,1.02481263547861
9456,2.63137964800252
9457,2.69749723989898
9458,6.10761148212446
9459,6.33713515501775
9460,5.80833288879596
9461,2.51236839562454
9462,1.76232394502427
9463,6.97377457668979
9464,2.79268854222738
9465,3.80410850569816
9466,2.62994985822925
9467,6.0923217042395
9468,3.33047212081796
9469,2.01299889832515
9470,3.31133192389587
9471,3.75758906628813
9472,4.4252084544337
9473,6.07125079745904
9474,5.66147732119056
9475,4.21777993839842
9476,6.05745997539797
9477,4.31329880174481
9478,5.18915058961213
9479,1.97213996411345
9480,2.03767167944472
9481,5.73548874400159
9482,3.12206460351658
9483,6.6719843879067
9484,5.25581548464439
9485,6.53358510530162
9486,3.88332205115043
9487,6.65582918082069
9488,2.04677758326957
9489,5.86913173152076
9490,6.97231850115442
9491,4.6045204150688
9492,6.20823773889589
9493,5.2474788121787
9494,5.1643468015632
9495,4.75094263868356
9496,2.04189569155128
9497,1.3590442540374
9498,4.77877147778155
9499,0.906494722842905
9500,6.31573134723343
9501,6.24188390079464
9502,4.42356773944805
9503,6.58832014754521
9504,6.7344459796511
9505,1.1856849743997
9506,3.44227011864257
9507,1.5998860714223
9508,1.20834879224919
9509,1.93759540952238
9510,0.7503023739166
9511,6.33771906909248
9512,2.14150120121028
9513,4.97664445100422
9514,4.19147454307965
9515,7.18204418602199
9516,3.59219301459876
9517,1.43628898838889
9518,1.96611750693327
9519,5.79259135767002
9520,1.76122685430418
9521,6.80856418170938
9522,5.51744638495629
9523,5.89022135220424
9524,1.84421824608563
9525,2.4049996499131
9526,6.92379540540314
9527,1.60980327127512
9528,3.40066507295243
9529,5.33573205964441
9530,3.98701312515999
9531,3.54238662783478
9532,6.62803473908883
9533,3.362697407866
9534,3.65473086443392
9535,2.06810378705114
9536,2.0477906851972
9537,0.807135154905011
9538,4.89899397422219
9539,5.0236454713557
9540,5.82939174477307
9541,2.47699256107405
9542,4.50552614444593
9543,1.34171014963567
9544,1.04889175075625
9545,1.92829878442607
9546,2.98068069211094
9547,5.9381154516915
9548,3.13681452176552
9549,4.45983216994971
9550,3.05717171451314
9551,3.35613401921756
9552,1.08937280248633
9553,6.8411197799985
9554,3.48083650987445
9555,1.1295875555055
9556,2.54450742513788
9557,2.6713528065576
9558,3.35440926670908
9559,3.45290579020523
9560,6.2041992628439
9561,4.90913891787404
9562,6.44775235502213
9563,3.54821174915547
9564,6.64255008402967
9565,3.64396601502454
9566,6.85566965948751
9567,0.956077717258066
9568,5.79049396768199
9569,4.51415328419497
9570,2.8911094487805
9571,6.62424811626608
9572,3.10996554803657
9573,5.0513958774112
9574,1.26210154592934
9575,2.07670230270563
9576,1.5020207985851
9577,1.66542478408256
9578,0.970364376785133
9579,4.42388090791775
9580,5.95233776506735
9581,0.833736968293667
9582,1.13321750813928
9583,1.44284093667373
9584,4.10095276845798
9585,1.30119172090177
9586,5.69043958949817
9587,4.55891962034454
9588,4.99631451666237
9589,7.2480241429356
9590,1.5480287141551
9591,0.866270011667499
9592,1.42076581540715
9593,1.24579538710643
9594,1.09156642929733
9595,6.56712946151858
9596,4.36109790253117
9597,3.70043659998344
9598,3.66375965242294
9599,6.31330681533818
9600,4.3100214259548
9601,1.01423513283593
9602,0.845623187933
9603,4.29703156925755
9604,4.49403741717755
9605,4.69591207988792
9606,5.90063848699368
9607,1.54623714035741
9608,5.22120718543529
9609,1.83636686148765
9610,1.3647970038572
9611,6.53384436827825
9612,2.99002126296059
9613,0.795199749275653
9614,2.05908460589052
9615,4.19571459746181
9616,3.89466334939247
9617,5.35548486387673
9618,5.25659281677202
9619,1.3451444512316
9620,1.75407611354883
9621,3.26290154877134
9622,4.40533820830639
9623,3.19547384137106
9624,1.17278661316462
9625,0.796022268384333
9626,4.87190312323764
9627,0.890568188274533
9628,2.68937707421838
9629,5.38153057056461
9630,0.837056071901133
9631,4.09561182072599
9632,5.66970324196905
9633,5.88588006477853
9634,5.18752072905859
9635,2.59125293766851
9636,5.24611803689576
9637,2.96769683278219
9638,1.9121670583131
9639,3.74052554562775
9640,5.13704407495546
9641,5.22148550232104
9642,1.7815240504113
9643,2.87379410646464
9644,4.22795947138601
9645,0.887240490492101
9646,4.25286132615165
9647,6.53623381360641
9648,2.88031776731972
9649,3.20653637642984
9650,1.82003390913963
9651,6.46472175396644
9652,6.83986956141264
9653,2.51914486383468
9654,4.96210587103535
9655,1.40795151057829
9656,4.07840898526758
9657,5.84547509137826
9658,2.68216766349375
9659,0.914861890673033
9660,1.07343611389447
9661,4.87776545232728
9662,3.2805475629303
9663,6.5941432748205
9664,4.06901071762218
9665,6.64412897993772
9666,4.72888302643238
9667,5.25540976855621
9668,0.826774928692639
9669,4.08570105282786
9670,2.4879683369785
9671,5.3657909249185
9672,5.65639066228305
9673,1.9528897830833
9674,2.10388283877468
9675,5.74914811326092
9676,6.94675555598506
9677,6.11149204868389
9678,5.35698854922275
9679,1.20868466830097
9680,6.70764373269635
9681,5.11971515392173
9682,3.69237665164211
9683,1.5780908367575
9684,1.3780251102211
9685,2.34455182375377
9686,3.0212555896283
9687,5.37250695867983
9688,1.64728667273855
9689,1.08030414731963
9690,1.74500238145866
9691,1.5001716883471
9692,4.48551506545568
9693,2.01573065472251
9694,5.95152011494726
9695,6.89777296503082
9696,4.96731715122566
9697,1.77280443510812
9698,0.900473217037433
9699,5.2802304674807
9700,3.73078131393005
9701,1.18138987512678
9702,2.45776938527857
9703,4.40246231089336
9704,3.17653211635704
9705,5.05432353803816
9706,3.85529873356756
9707,2.87328002670042
9708,7.09882551325268
9709,2.61825383794774
9710,6.97831446253123
9711,7.27607338900368
9712,3.31266521977691
9713,4.83554812151022
9714,4.8851371631367
9715,2.36019540073818
9716,5.47468647123231
9717,4.66289708432968
9718,7.00373531370273
9719,6.93247797017382
9720,1.5938882375343
9721,6.59910048353444
9722,1.05345320621125
9723,5.36524567255956
9724,2.32294661632471
9725,4.50524447610839
9726,7.14159391311897
9727,1.64474288390334
9728,5.96839059130998
9729,6.77818324269677
9730,3.95661988714149
9731,6.63376400122306
9732,4.16581048397253
9733,6.75523774070256
9734,7.1485436479012
9735,5.00883130999579
9736,3.5914141529136
9737,2.33415276620747
9738,2.97946491978427
9739,1.61291203453863
9740,0.816568492626868
9741,1.63087018728737
9742,2.10714810934094
9743,3.25617213108211
9744,4.45553072859299
9745,2.93359969637938
9746,4.82863215185655
9747,0.5621800694243
9748,1.11587416599211
9749,2.57468177260243
9750,3.44719318518436
9751,5.56418465433495
9752,3.1049405870379
9753,2.87143726882922
9754,2.18153075955142
9755,4.84214852535004
9756,2.77978826989543
9757,4.22781763042238
9758,4.44702582477045
9759,6.00453265208681
9760,1.03905288091034
9761,3.29711006168338
9762,3.16383764798337
9763,3.38592680010112
9764,5.37052494575774
9765,5.32100234469173
9766,6.22348783087251
9767,5.41583069549807
9768,1.55732213304311
9769,1.5111899308157
9770,1.9259399572538
9771,1.04211451363487
9772,0.872015863683173
9773,2.15734453540236
9774,4.81567326800648
9775,4.58831065731254
9776,5.41641754264336
9777,6.22944968037048
9778,6.94361730755427
9779,3.75170184484544
9780,3.54544286533932
9781,4.72121687676063
9782,2.7785304574216
9783,6.42607632313276
9784,3.61773194458685
9785,1.26785476481953
9786,1.45459802217317
9787,2.85066209065323
9788,1.96559679969307
9789,6.62125785425743
9790,3.79158611480027
9791,2.165384759628
9792,3.84577629648207
9793,2.62144980510303
9794,5.50824007975355
9795,5.74572573887388
9796,6.12121686328347
9797,1.34690269561581
9798,2.0286408967962
9799,4.6693763967317
9800,1.47889383353952
9801,5.27125031739075
9802,3.07964713285946
9803,3.66361329379815
9804,3.01970329210393
9805,3.51130181260705
9806,7.28858772296098
9807,5.92133892429937
9808,1.59844757954517
9809,4.97125159659652
9810,2.83912260287463
9811,1.93921835563597
9812,4.18709901997304
9813,2.44948900192183
9814,6.97868715414589
9815,2.78909693520019
9816,1.50873813121541
9817,1.69135360039115
9818,6.01737320925626
9819,4.53618623799478
9820,4.22567803051666
9821,2.93305129707107
9822,1.71572504854683
9823,2.02109738938614
9824,1.12062283801417
9825,6.9712619411214
9826,0.877957794630633
9827,5.81467533590335
9828,1.63277335739388
9829,3.01480667019762
9830,2.35581025278204
9831,0.578821640942738
9832,1.89076570189477
9833,1.84630136332351
9834,3.60000749688123
9835,3.21222777696307
9836,2.39782589724599
9837,5.41190262235694
9838,1.60909871289485
9839,6.26447008608222
9840,6.07011072521093
9841,6.72466716192908
9842,5.30507876075023
9843,3.48252803677531
9844,5.46386968678215
9845,5.93639124306959
9846,6.89338179428244
9847,3.83308066795322
9848,0.924717912721308
9849,1.50056318110483
9850,6.5736378580104
9851,2.44246396273368
9852,2.5308876692581
9853,6.02140626333431
9854,2.92695295514567
9855,3.58018810486871
9856,2.09715035414753
9857,4.96647489873865
9858,5.91037249924289
9859,1.0426418057121
9860,1.45981570757001
9861,4.47891033818188
9862,4.73152124188729
9863,1.71558903662147
9864,5.35143630295652
9865,6.49681714668498
9866,4.66397781389835
9867,3.11997913317036
9868,3.14211911870494
9869,7.42558044391559
9870,1.1405708082879
9871,3.48813238446963
9872,2.1978183984379
9873,1.0575807762957
9874,5.74856266759471
9875,2.3610970054006
9876,1.31259207570527
9877,3.4834778359109
9878,4.48785208886996
9879,4.82772438511927
9880,2.70450540985218
9881,2.55401518668529
9882,1.22281783431816
9883,4.56099265508736
9884,1.58811107293144
9885,1.51733566699873
9886,7.25822306295696
9887,5.05557979760286
9888,4.84510777422073
9889,4.02336165503816
9890,5.6265435135236
9891,1.24304496423573
9892,5.01818207254951
9893,1.16484916991264
9894,6.3707229384027
9895,6.7006698225823
9896,1.39005798963516
9897,5.35156252547503
9898,0.74966602869481
9899,2.4018555024651
9900,1.48577669582954
9901,7.08929492818914
9902,7.04546212579164
9903,3.57218899018904
9904,3.75421561775173
9905,2.95772186556077
9906,2.92589992337445
9907,3.14549249224913
9908,0.743106616165033
9909,3.09462228513528
9910,1.32307852134994
9911,2.76859968797616
9912,6.03960426723951
9913,3.74968314688277
9914,3.44926705957043
9915,3.28138393687975
9916,6.09116689137589
9917,0.8424026774523
9918,6.83094552698066
9919,6.25637791172283
9920,4.76670777960101
9921,4.89214534060515
9922,6.80209386463715
9923,6.53585985662182
9924,4.10559006857282
9925,1.57380236223769
9926,2.79078219436015
9927,2.54944999092733
9928,3.44299826264589
9929,1.1166809067423
9930,3.44727958955963
9931,3.37467632070782
9932,2.66046383671391
9933,2.17319604398721
9934,0.918030444186566
9935,3.64922700859481
9936,1.14611916178297
9937,7.23584183786629
9938,7.11215203822577
9939,2.55599432837622
9940,0.827802251268565
9941,6.50194568285574
9942,1.35462006772142
9943,3.46334590362165
9944,3.29718130098217
9945,4.95552656767341
9946,2.13674803832232
9947,1.8142536291928
9948,2.00536885997945
9949,4.84273246014282
9950,2.33267577945971
9951,3.73259979862505
9952,0.890782180099449
9953,5.93951892250799
9954,1.3021276274983
9955,1.46759024740393
9956,4.39453065766325
9957,4.38952541947801
9958,1.47355041511709
9959,1.1305767772988
9960,4.55262792485835
9961,2.93663368128082
9962,0.912498085449772
9963,5.12386980982164
9964,3.97071461355608
9965,3.72992625604694
9966,4.26451627095004
9967,5.09170925994714
9968,1.22666286223673
9969,4.85692712198751
9970,6.46232841282693
9971,5.70389653314867
9972,3.27471283218747
9973,6.04451536867464
9974,7.0572682936932
9975,5.6169095650519
9976,5.69731699762055
9977,6.67840496171098
9978,2.32277902840453
9979,6.01712753023687
9980,5.01316831294985
9981,5.64330334967803
9982,1.21509470718758
9983,6.59120904585268
9984,2.19293021772954
9985,4.52343846212471
9986,4.12253914558325
9987,6.8540261836155
9988,4.76994275777754
9989,2.31209830424117
9990,6.96501857950712
9991,5.75753281736337
9992,6.30020277442989
9993,3.19350610313458
9994,6.91167028109343
9995,3.46141783477714
9996,7.03455705402313
9997,0.863103785078767
9998,7.28793745913295
9999,6.08245860559736
10000,5.10425024268152
10001,6.66850282125937
10002,3.2442942673678
10003,1.4124918866461
10004,4.92290799984778
10005,1.49543868596459
10006,1.1067412062012
10007,6.06104868165954
10008,1.45960471662747
10009,1.95768535306716
10010,4.40957864237832
10011,2.90366937193343
10012,1.48960106052891
10013,6.68590305628725
10014,2.99811825834373
10015,6.41655377338407
10016,3.40226820533785
10017,2.15932459464864
10018,3.9416476627
10019,4.86147857477481
10020,3.00578422863329
10021,4.52691639823973
10022,1.71287605006487
10023,6.10739489443949
10024,0.9057858510218
10025,3.15085605007403
10026,5.26774295603186
10027,5.71869481314339
10028,3.46645253103924
10029,5.03787801319539
10030,5.98910292948213
10031,2.0280066921928
10032,4.03283716899521
10033,6.61376148877312
10034,5.04602197944374
10035,0.938346111761667
10036,6.42184161097435
10037,0.849233492999967
10038,4.72189475593606
10039,2.7859193645936
10040,6.93364646933591
10041,0.980148552584981
10042,2.01649376020872
10043,0.926348921395833
10044,5.0632359337747
10045,1.70542442847682
10046,4.61912233121403
10047,5.57655374072416
10048,3.49476971183406
10049,5.94488507597606
10050,3.17365145767787
10051,2.3863073195459
10052,1.74080529765207
10053,3.39522850199969
10054,2.76777511755723
10055,1.7759687088295
10056,6.26930139617847
10057,3.1788616744931
10058,3.35924814042301
10059,1.71808185879013
10060,6.88146872384634
10061,3.24998061467876
10062,4.99814102533835
10063,7.16961818505456
10064,3.58211549166285
10065,2.71583347291692
10066,3.1644240308427
10067,1.09192549890595
10068,6.43335347987067
10069,3.30679927480075
10070,2.93434356802352
10071,5.93157433294615
10072,6.5578639539411
10073,3.09387806580428
10074,4.16198902792758
10075,6.70305638222101
10076,3.75083819980223
10077,3.4993918863483
10078,4.1341677893027
10079,5.79917377548192
10080,1.72057684064433
10081,4.35795006431646
10082,2.24914592101797
10083,2.90109490541933
10084,6.83394904541887
10085,4.13058554439886
10086,3.46441593558691
10087,5.6982690345697
10088,6.0740881714218
10089,5.5567524759799
10090,4.58784308026816
10091,3.87176480131332
10092,5.50875480227056
10093,6.67449367696148
10094,2.20796567828376
10095,1.0502310877628
10096,0.89325738938801
10097,1.0961711818138
10098,0.873501507701794
10099,6.80763085449346
10100,0.4703389450166
10101,6.73722338653421
10102,0.956332189619767
10103,4.05166782420648
10104,6.80515558862305
10105,5.22162223175072
10106,5.12255621367864
10107,0.819644761015314
10108,2.41257751725913
10109,5.61636519555803
10110,0.921978106543934
10111,0.887845394258234
10112,2.66012678652094
10113,4.45400258079193
10114,1.7752189266953
10115,3.86709192260715
10116,4.48062202328561
10117,2.13288774370157
10118,4.7551620226549
10119,4.58327174449823
10120,7.26965547679999
10121,3.46480293538164
10122,5.70024108210953
10123,4.57671473716565
10124,1.34945327451782
10125,2.8719851581093
10126,4.28031167165778
10127,4.14272751154506
10128,2.69194461851451
10129,5.78848799537754
10130,2.57139822762516
10131,5.37689386554265
10132,1.17955964981798
10133,2.0028971669238
10134,7.13034503745602
10135,1.81405806841673
10136,6.85358065958284
10137,4.48847097039133
10138,2.1777013084338
10139,1.52001763219017
10140,3.45395986015887
10141,6.52786430426839
10142,7.12544948312895
10143,6.35708811759962
10144,3.29565148117986
10145,0.8719124521371
10146,2.59116707146466
10147,5.67862452039536
10148,5.42664935963277
10149,5.68310093002378
10150,3.78901878235794
10151,1.26008138315138
10152,2.85565385514462
10153,2.60561887162988
10154,4.28242614384369
10155,2.42419589673812
10156,2.78540777563769
10157,3.01532757164108
10158,2.03180840087681
10159,1.00770983111328
10160,2.31135762069808
10161,7.25662245711753
10162,6.3164261101325
10163,3.1265176922709
10164,4.15364887418526
10165,0.971383708746895
10166,3.35441452596246
10167,4.05207775772211
10168,7.17089632937088
10169,5.67584939801802
10170,7.10791089197264
10171,1.67844077592398
10172,2.05429575504873
10173,1.90589890963447
10174,6.37371421921626
10175,3.47934812036898
10176,6.43976255089493
10177,4.1000032993147
10178,6.22175607129568
10179,3.27660921579823
10180,6.81451721499316
10181,1.70187394716597
10182,3.31538006432025
10183,3.99690304536393
10184,4.67563616000134
10185,1.96816277326735
10186,4.86318313854967
10187,0.931228733113267
10188,6.59370409203868
10189,4.34812171301364
10190,1.77360370555889
10191,5.7285922542393
10192,1.15073986014511
10193,5.8799579432836
10194,1.02272165763317
10195,4.13143594344686
10196,6.71076247108663
10197,4.57077158531603
10198,1.75390107989803
10199,0.624033283986766
10200,5.47383939011217
10201,5.07560925851098
10202,6.30325217273106
10203,3.37870130788107
10204,4.32042489611616
10205,2.96402753956898
10206,4.82082066596308
10207,4.84086093073176
10208,7.12079742703972
10209,1.3554673300538
10210,5.38897694457522
10211,1.42975262613749
10212,4.46845280370308
10213,6.65014614733023
10214,1.12093660624987
10215,4.99000836198452
10216,2.13511904503954
10217,1.7582582643148
10218,4.85048015529739
10219,0.807837553927666
10220,5.216824862255
10221,2.9916578880005
10222,5.4626725121519
10223,6.34618056319022
10224,5.58841157692981
10225,3.34035442818655
10226,3.82998490271327
10227,0.783315904058499
10228,2.43885861859639
10229,5.63315548480192
10230,3.02784288600337
10231,5.80316117144321
10232,2.89363794618352
10233,6.36059931891981
10234,0.752252036510172
10235,1.12156611271857
10236,1.58000184597275
10237,5.35240476601865
10238,3.71236412782909
10239,0.687794913293934
10240,5.30837301031878
10241,6.38591800826132
10242,1.32254021363873
10243,0.983055717852634
10244,0.770628173038734
10245,1.34980903467443
10246,5.51665275788387
10247,3.81400004764933
10248,1.51100514391066
10249,1.81197239239938
10250,6.61898685059251
10251,6.87276036051526
10252,3.50183214362279
10253,3.30773346621421
10254,6.1779361216227
10255,3.19813681480101
10256,3.78729819278361
10257,1.88762072966071
10258,6.01204107240608
10259,3.96801148795107
10260,4.79205586704229
10261,2.38393317521812
10262,7.23446354619391
10263,3.85928140793327
10264,2.5410954874485
10265,6.89731215314061
10266,4.64708880334503
10267,4.51835238251982
10268,1.87427959456454
10269,1.2749345963534
10270,6.85276446154364
10271,4.03310534289864
10272,6.11952872148202
10273,5.5538473641424
10274,6.67530874544265
10275,4.69643427219448
10276,5.58123907430126
10277,6.17238823104926
10278,4.03440547973274
10279,3.96281613841506
10280,1.1792689375469
10281,3.089128979223
10282,2.97147575413984
10283,5.99376270909417
10284,1.24824196745867
10285,4.13698771603631
10286,2.65237164605443
10287,1.09197432899817
10288,3.21094434117698
10289,6.65381258706381
10290,6.65124302557857
10291,7.29773039699081
10292,1.28303563908433
10293,5.97603991466731
10294,1.5779051027424
10295,1.7325557812667
10296,0.913586054554167
10297,4.65360764362507
10298,3.92838405689799
10299,6.04580470020378
10300,6.9071830155113
10301,7.26620530722282
10302,0.952127961551567
10303,4.06621696729764
10304,7.31839736951181
10305,2.68541851181471
10306,7.00645096813548
10307,3.95972690497645
10308,7.02451470664358
10309,6.11818668943454
10310,3.12857595899148
10311,4.41594493419167
10312,0.863889986693168
10313,2.50249682020903
10314,0.940626085139134
10315,2.81174034333421
10316,3.32125997466614
10317,4.01814391656635
10318,6.86782337425877
10319,2.97981894096202
10320,4.95428459789434
10321,7.22109077977431
10322,0.919205152522254
10323,0.884768990785933
10324,1.79592916913309
10325,0.859206305898179
10326,2.76739225349102
10327,6.7936206223099
10328,6.22850458425061
10329,2.1087081983103
10330,0.853185449121367
10331,3.0771945784956
10332,4.80602588680861
10333,1.0180314517089
10334,0.8174699699639
10335,5.25091250368643
10336,4.24504025026985
10337,4.30204900136062
10338,4.42450938887595
10339,5.92017529239155
10340,0.660285989521819
10341,6.1550395503924
10342,5.66219980265458
10343,2.09403289782804
10344,3.33805486925797
10345,2.52970423717946
10346,3.63154812956546
